,precision,recall,f1-score,support
Advertising,0.8494730912760814,0.8338939704628713,0.8416114405301709,86806.0
Analytics & Telemetry,0.9831446119145953,0.957406390525519,0.9701048136062197,67381.0
Antivirus,0.9579365579870089,0.9190093978138991,0.9380693104974422,49586.0
Authentication,0.9127825565113022,0.8997338065661047,0.9062112109627128,50715.0
File sharing,0.9326814237202867,0.8845912981242359,0.9080000612210539,33533.0
Games,0.8532674601392319,0.8916737069370131,0.8720479217828372,21306.0
Information systems,0.7714331033388849,0.9061015370284118,0.8333618917066484,10735.0
Instant messaging,0.8064248895434463,0.886561424812791,0.8445965487322857,19764.0
Internet banking,0.8600332594235033,0.8665177324769617,0.8632633189595215,3581.0
Location,0.8733790503428775,0.9058212829069336,0.8893043881130452,29667.0
Mail,0.8789438050101557,0.9235913488901537,0.9007146326233262,35140.0
Media,0.8160531726954154,0.8032812589087177,0.8096168488801414,70156.0
Music,0.8784630813589068,0.915474557449866,0.8965870197997633,30618.0
Notifications,0.9820903647250953,0.9865478208563461,0.9843140464304225,18287.0
Other APIs,0.8830400023214985,0.8852878712943298,0.8841625080810942,68746.0
Other services,0.8748091132055099,0.8203344230045998,0.8466964758925972,69134.0
Remote desktop,0.9546632124352331,0.7653167185877466,0.8495677233429395,963.0
Search,0.7890030547070258,0.8650854063270712,0.8252944679244187,32843.0
Social,0.8762553916608978,0.8765261116911341,0.8763907307694356,93866.0
Software updates,0.9540332787948014,0.9590069821567107,0.9565136649230864,32225.0
Videoconferencing,0.901304115145199,0.8982679729388316,0.8997834828332818,35623.0
Virtual assistant,0.9533678756476683,0.8214285714285714,0.882494004796163,896.0
Weather,0.8639344262295082,0.9444444444444444,0.9023972602739726,11160.0
accuracy,0.884627680235949,0.884627680235949,0.884627680235949,0.884627680235949
macro avg,0.8872398651362666,0.8876480015492724,0.8861349466383731,872731.0
weighted avg,0.8857820509289983,0.884627680235949,0.8847896319091131,872731.0
