paso,perdida_entrenamiento,perdida_validacion,f1_entrenamiento,f1_validacion
1,2.6494757458353044,2.6607336319020454,0.5768916071014905,0.5561098396332329
2,2.407988353407383,2.4267743917182156,,
3,2.2351153452324866,2.2590745014188327,,
4,2.0979775166070462,2.1262299908588154,,
5,1.9841344957327842,2.016653133675553,,
6,1.885036516418457,1.921016977752685,,
7,1.7996413692271709,1.838906205568098,,
8,1.721904114676714,1.7643113357757552,,
9,1.6518545135283471,1.6974287708781755,,
10,1.5867301388967037,1.6353085600423065,,
11,1.5276531308335066,1.5788898130222166,0.6931698885121187,0.6614902328876499
12,1.473352864613533,1.5274854018834865,,
13,1.4237452992367745,1.4804915802820613,,
14,1.3778524311107396,1.4373436978244034,,
15,1.3359079281008244,1.3978621738551729,,
16,1.2976591234531998,1.3618606278053376,,
17,1.258863545694351,1.3252782383153692,,
18,1.2241620055571198,1.2926520354767468,,
19,1.1912378437444568,1.2620798072979067,,
20,1.159477199986279,1.2324802873111722,,
21,1.1304251262426377,1.2054599522492089,0.7325833257403617,0.6963039714058826
22,1.1013356585338712,1.1786974567725401,,
23,1.074600453646034,1.153695498818437,,
24,1.049283942102939,1.1302299064490389,,
25,1.0261687917017936,1.1088381150433075,,
26,1.0047123056901992,1.089016141785218,,
27,0.9840594586230814,1.0697409828170754,,
28,0.9652002499222755,1.052396443693511,,
29,0.9470587002630532,1.0358282308767126,,
30,0.9299419302278757,1.0202421910890918,,
31,0.9138236100888252,1.0055193774979094,0.7663023901805822,0.7220989953099092
32,0.8980552500730008,0.9911536428431247,,
33,0.8826542247283459,0.9770729686010939,,
34,0.8674685446758569,0.9633465629294851,,
35,0.8527977986726165,0.9500300158494508,,
36,0.8389817196617275,0.9378242806245375,,
37,0.8256468494205922,0.9258891165943193,,
38,0.8130109864454717,0.9149110604480611,,
39,0.8005321477371454,0.9039502694014234,,
40,0.7889375157523155,0.8937674338011325,,
41,0.7777851359198242,0.8839483443730288,0.7932314432474006,0.7445879652041726
42,0.7670132916304842,0.8744302194666287,,
43,0.7565496867103875,0.8651368282148594,,
44,0.7463076819640025,0.8561151815025947,,
45,0.7371243080185353,0.848031053976701,,
46,0.7279155788585544,0.8399596120730637,,
47,0.7183599026021734,0.8315186391143794,,
48,0.7098372065363079,0.8242126111104627,,
49,0.7008809819092602,0.8165345760712818,,
50,0.6924769920958579,0.8091955453322254,,
51,0.6841680706026778,0.802150409584413,0.8172033407248075,0.7626334858872299
52,0.6772261368708499,0.796325997938177,,
53,0.670006548917219,0.7902223072399032,,
54,0.6621978420699947,0.783628082445036,,
55,0.6551695310379005,0.7778138605121943,,
56,0.6484350559182651,0.7721908974368973,,
57,0.641210384988226,0.7661118944151016,,
58,0.6345588351554796,0.7605004257864478,,
59,0.62736603908916,0.7544925325955193,,
60,0.6212122718984261,0.7492926718822556,,
61,0.615061603677515,0.744273973143683,0.8393601036952628,0.7774379231150143
62,0.6089541938844137,0.73919917451851,,
63,0.6028690761227533,0.7341761409751667,,
64,0.5969321415398828,0.7292788594945406,,
65,0.5916435545553267,0.7250151185624817,,
66,0.5866195798260346,0.7210552893297816,,
67,0.5811397533282824,0.7165083513228465,,
68,0.5762889607133995,0.71266242528049,,
69,0.5715263297724071,0.7088528179487141,,
70,0.5669675764925778,0.7051974161307646,,
71,0.5621139509498654,0.7012574915807116,0.8548818581697527,0.7911621186907499
72,0.5571794691697928,0.6973357473922196,,
73,0.5528757090528309,0.6937973832596429,,
74,0.5489934671699116,0.6907326357247545,,
75,0.5443163775803708,0.6871889812883194,,
76,0.5401650286911801,0.6838412625422597,,
77,0.5356439651042642,0.6802354686143208,,
78,0.5311928234198038,0.676806392165547,,
79,0.527477734761471,0.6738008057617031,,
80,0.5239864096701331,0.6711704695082109,,
81,0.5203991094590398,0.6684090290272643,0.8697210720826264,0.8024984140919647
82,0.5161645274695474,0.665087264140041,,
83,0.5126526680064062,0.662345329786576,,
84,0.50892562492433,0.6594895602189266,,
85,0.5052785322905657,0.6566585904787071,,
86,0.5011994281091448,0.6534046561317239,,
87,0.4971939738574624,0.6503356026709738,,
88,0.49358521860637933,0.6475233504384731,,
89,0.49044193589234725,0.6450774667524903,,
90,0.4875337899820041,0.6429570221965488,,
91,0.48419177763569865,0.6404318710789839,0.8827928777529274,0.812370395904611
92,0.4809699932449637,0.6379951411733411,,
93,0.4776413506012643,0.6354683761994662,,
94,0.47497226124872455,0.6333485482773157,,
95,0.47213847171486123,0.631273545480786,,
96,0.4692478914690553,0.6290906654855354,,
97,0.46588336039399963,0.6265625185213871,,
98,0.4621514131051512,0.6237245141439227,,
99,0.4590047232749942,0.6213168683271537,,
100,0.45646443825926164,0.6194589822916131,,
101,0.4537738484539115,0.617477158250832,0.8930874444166392,0.8204339956748102
102,0.45055214565337404,0.6149789857156651,,
103,0.44836196560333486,0.613306661100004,,
104,0.4454155455611623,0.6109746617529981,,
105,0.4425590075437119,0.6089364136224461,,
106,0.4402423339975416,0.6072740420004551,,
107,0.4380988434844697,0.6057541379724786,,
108,0.4354235576509964,0.6038000668721648,,
109,0.4325858791609737,0.6016503509563902,,
110,0.43003073657834434,0.5997092491615139,,
111,0.4278196229942434,0.5981565950559838,0.901961761644813,0.8264099679533927
112,0.425717816655871,0.5967414645830917,,
113,0.42318183652761626,0.5948013854782005,,
114,0.42100852102127856,0.5932219536250922,,
115,0.4184800318571704,0.591398011727284,,
116,0.41559732954914563,0.5893404696180555,,
117,0.41335285678107875,0.5877333469241032,,
118,0.41097345297203514,0.5860341358751732,,
119,0.40894503830296103,0.5846185646269417,,
120,0.40646578540486517,0.582858667788228,,
121,0.4041860899319779,0.5811688028071522,0.9103627623737469,0.8314389960500731
122,0.4024541217541229,0.5799630304256741,,
123,0.39987306611007895,0.5781416706103845,,
124,0.39792466697928847,0.5767683540155584,,
125,0.3956746345522802,0.5751898837775069,,
126,0.3935925248662778,0.5736132958885789,,
127,0.3914701398018969,0.5720394501119062,,
128,0.3892096291916538,0.5704394145087095,,
129,0.38693085401089045,0.5687122268839087,,
130,0.3849720544664236,0.567287762133379,,
131,0.3825754099463101,0.565604683991736,0.91816776981454,0.8368022843619513
132,0.380542100032749,0.5641686819918379,,
133,0.3784645263159531,0.5627429092723117,,
134,0.375884600026813,0.5608832711607965,,
135,0.37394908004852595,0.5596415864843073,,
136,0.3721065334623243,0.5583615393146045,,
137,0.37075948266485415,0.5574783895617378,,
138,0.36857204655041625,0.5559680883015131,,
139,0.3668618420663121,0.5548065345365776,,
140,0.364708989475774,0.5532548320821984,,
141,0.36277911740304497,0.5519496274855012,0.9244941250075377,0.8408264534711379
142,0.3610662772558886,0.5508225348413048,,
143,0.359232234630991,0.5495360370458549,,
144,0.35750719439554496,0.5483372680239647,,
145,0.35546081538514757,0.5468754990680667,,
146,0.3538588338999008,0.5457940691656937,,
147,0.3521383080647193,0.5445837723831706,,
148,0.35040715155010227,0.5433736920341719,,
149,0.3486621891656105,0.5422219948408454,,
150,0.34678961092676036,0.5409674002877165,,
151,0.34546187062114186,0.5401993566834676,0.9295476705656319,0.8443511603606397
152,0.34403761438891,0.5392527921511692,,
153,0.34241485672043026,0.5382551336106558,,
154,0.34057285295029693,0.5369252623840739,,
155,0.3386724192901471,0.5356508145778798,,
156,0.33714146808836815,0.5345982175572753,,
157,0.3354056707809394,0.5334317652201546,,
158,0.33383698262586464,0.5323970464579879,,
159,0.33265996638896295,0.5316535517818881,,
160,0.33062217323138116,0.530203820031944,,
161,0.32920877286297967,0.529251502478491,0.9348243406520175,0.8470501858511913
162,0.32755462298062193,0.5282182938986113,,
163,0.32600151883553946,0.5270874414941323,,
164,0.3244983191459341,0.5261731736041356,,
165,0.3228982081981393,0.525160125133752,,
166,0.3214637285119909,0.524206375113618,,
167,0.3201296957024216,0.5233629048442312,,
168,0.31859740357394795,0.5223360206697513,,
169,0.31715477444979684,0.5213710701478385,,
170,0.31589649373022954,0.5205864989626345,,
171,0.3143357355787148,0.5194231898918786,0.9401461722297172,0.8502881840171628
172,0.3126818653024876,0.518290436015657,,
173,0.3111008166396507,0.5173624177110886,,
174,0.3097055523854762,0.5164520080870982,,
175,0.30798301984781223,0.5153084599053864,,
176,0.3067315911895523,0.5144950374137771,,
177,0.30545377368528104,0.5136119248824816,,
178,0.3042472515771881,0.5128675025289882,,
179,0.3029968519794314,0.5121023728461229,,
180,0.30142419955176214,0.5109546841191586,,
181,0.3001648576458964,0.5101353522211084,0.9448004880815136,0.8528923773255417
182,0.29879030798453127,0.509293442907164,,
183,0.2975116713047106,0.508527293964779,,
184,0.29628836318876844,0.5078016006373198,,
185,0.2947021638041406,0.5068269552043315,,
186,0.29356077085731985,0.5061257602192873,,
187,0.2925716911343238,0.5055500607857444,,
188,0.2912126369506354,0.5046602178998713,,
189,0.2899255971818158,0.5037918390393892,,
190,0.28849940487616477,0.5029269906887113,,
191,0.2873127072484697,0.5021975174309339,0.9486810997563148,0.8552500608991206
192,0.2860311922426903,0.5013793740356731,,
193,0.28485030151560176,0.500671943263406,,
194,0.2834353591237389,0.4998432871119386,,
195,0.2822403549562994,0.4990928055320305,,
196,0.2810872852219775,0.4983386606744633,,
197,0.2797811625897659,0.49751907858456196,,
198,0.2786250486339617,0.4968191564413611,,
199,0.2778295856093719,0.4963939463202355,,
200,0.27666027563558454,0.4956409744832612,,
201,0.2757815665207329,0.49518684837724425,0.9512055502652942,0.8567905764324009
202,0.2747706431943354,0.49454239917207937,,
203,0.27370304473799656,0.4939065784801918,,
204,0.2725211689177422,0.493242651158052,,
205,0.271244155321828,0.4924188349949068,,
206,0.27016738887697356,0.4917975314805864,,
207,0.2689156917215556,0.491034762267745,,
208,0.26802670169299264,0.4904484360844655,,
209,0.26675604170654943,0.48959379109876083,,
210,0.2655641677718067,0.4888681417101349,,
211,0.264295556390624,0.4881004065803491,0.9546013424849875,0.858553917511803
212,0.2631980792546093,0.4873488999841447,,
213,0.2622245291577158,0.48678536369121905,,
214,0.26097681855186305,0.48593770436918,,
215,0.2600411052334869,0.4854005412071193,,
216,0.25905585344827986,0.48474191480817325,,
217,0.258214034445026,0.4842253381032786,,
218,0.25725379807578924,0.4836910790581716,,
219,0.2564727127923513,0.48326892116930587,,
220,0.25524408107000796,0.48243288895329706,,
221,0.2542099507280692,0.4818580495543888,0.957292253977581,0.8604805223206803
222,0.2533862556848554,0.48141658632582424,,
223,0.25251868621592205,0.48086595339960564,,
224,0.25151395750666206,0.48034491822237385,,
225,0.2507945939003725,0.47990647754363525,,
226,0.2500166809443202,0.4794764095015316,,
227,0.24933348123180193,0.47910360899702137,,
228,0.24850261161474635,0.47863036996377656,,
229,0.24761421991021526,0.4780599247269025,,
230,0.24672260010142527,0.47755852276109206,,
231,0.24559537735964368,0.47689487943546366,0.9594766583240417,0.8617629493604105
232,0.24483069012097353,0.47647563268041687,,
233,0.24386915941524873,0.47593999743379917,,
234,0.24298728395826888,0.4754254359015645,,
235,0.242114710593368,0.4749181041918457,,
236,0.24094190542371777,0.4741562512814795,,
237,0.24009622032483022,0.4736637272448126,,
238,0.23912172155304703,0.4731446728591454,,
239,0.23828513103773039,0.47263180505694274,,
240,0.23740582918787004,0.4720777370617956,,
241,0.23672543051941494,0.47167588368817703,0.9622999552311845,0.8634299867723848
242,0.23587008436890344,0.47117145883419637,,
243,0.2350628609556872,0.47072953767093895,,
244,0.23428590474470748,0.47035102866673434,,
245,0.2333547794044399,0.46977463518070905,,
246,0.23238830075023836,0.4692940537345974,,
247,0.2313749894267144,0.46867954376341053,,
248,0.23046615600609646,0.46814782846184916,,
249,0.22953813002442813,0.46764691617599535,,
250,0.22863682461479576,0.4671391854813172,,
251,0.22776153767876453,0.4666693581840293,0.9641890895603472,0.8647363844723964
252,0.2268759877969157,0.4661800149954182,,
253,0.22608477673656632,0.46571068589104264,,
254,0.22526686509402397,0.46523855678686277,,
255,0.2245346418363522,0.4648577233139848,,
256,0.22366157738495498,0.46439078587929356,,
257,0.22282594174257644,0.46386996218983156,,
258,0.22221036482386636,0.4635163007327643,,
259,0.22141430137593696,0.46302077093824556,,
260,0.2207101709262006,0.4626266259118781,,
261,0.22007130640550138,0.4622502388458061,0.9661081475323826,0.866177144211833
262,0.21930899240495436,0.46183459897804213,,
263,0.21834054911374876,0.4612601408132617,,
264,0.21765604428697513,0.4608394362644944,,
265,0.21685162307347805,0.4604131690037658,,
266,0.21609159053110502,0.46003398843477805,,
267,0.2152777405040047,0.4596091580157361,,
268,0.2144694134310485,0.4592346254540224,,
269,0.21382397409175855,0.45885268925605294,,
270,0.21315818296605007,0.45847461088941566,,
271,0.21252652401040062,0.4581032105453317,0.9681359053343338,0.8676273564413242
272,0.21186696196629676,0.4577553783013306,,
273,0.21117975540602468,0.45736408111038795,,
274,0.21049042038086951,0.45698267732226033,,
275,0.20983694181642437,0.456616175328875,,
276,0.20908037293788057,0.4561520470500435,,
277,0.20844942436191038,0.45575697916233054,,
278,0.20785592540617748,0.45541754162079295,,
279,0.2072329766746999,0.45507244795460183,,
280,0.20663317257780628,0.4547776924393225,,
281,0.20589640324601555,0.4543277967887015,0.9699915285429334,0.8685893128275631
282,0.20511602132465417,0.45382455947401185,,
283,0.20446313921139658,0.4534352932354432,,
284,0.20383188912860153,0.45307711715777155,,
285,0.20323272224294012,0.45273290874467614,,
286,0.20243760283639262,0.4522724534461067,,
287,0.20168235098029902,0.4518256815662509,,
288,0.200965460210472,0.45139329945307877,,
289,0.20035163608618947,0.4511108548611102,,
290,0.19971243007245493,0.4507553627047238,,
291,0.199034817425993,0.45044930457047144,0.9716903967484278,0.8699855936340141
292,0.1984242878949608,0.45013649891633384,,
293,0.1978821383116142,0.44985723760505486,,
294,0.19719406550638396,0.4494154205908112,,
295,0.19648665906436544,0.44902282021016404,,
296,0.19591855269167613,0.44875415479690894,,
297,0.1951590630746459,0.44829866782727906,,
298,0.1945665907400643,0.44797348621500754,,
299,0.19394298935206095,0.44763129741539276,,
300,0.19340188252270263,0.44733608758607757,,
301,0.1929853771577358,0.447070559898263,0.9732065455863786,0.8708283127797962
302,0.1924847517018794,0.4467875744324125,,
303,0.19191559122406812,0.44647510977936294,,
304,0.1913437117279897,0.4461807997653182,,
305,0.19073042720486966,0.44582505510199183,,
306,0.1899799152632623,0.4453678994864132,,
307,0.18929494181474368,0.44488745629792215,,
308,0.1887242403153326,0.44451837990082027,,
309,0.18822414429760495,0.4442469811318561,,
310,0.1874830299587294,0.4437648081759457,,
311,0.18697359552337003,0.44346059478359917,0.9748816127048796,0.8722569682454121
312,0.1864721161173095,0.44320148335822607,,
313,0.18590253087500846,0.44289389169009635,,
314,0.18540396413899815,0.4425797064399886,,
315,0.18496269953080274,0.44235266757240194,,
316,0.18439300515222087,0.44201200182924594,,
317,0.18392286448794806,0.44175418903566116,,
318,0.18330067892144122,0.4413734108704547,,
319,0.18275473801266814,0.44108702162841146,,
320,0.18232818667897543,0.44087237969467513,,
321,0.1817940923759603,0.4405938254190329,0.9758429287621536,0.8732679106443137
322,0.18109665803529187,0.4402129582900507,,
323,0.18051982585837079,0.4398802646612176,,
324,0.17996776713712942,0.43956353727503195,,
325,0.1793665018477982,0.4392352489785177,,
326,0.178859610025183,0.4389034492799223,,
327,0.17838639344091078,0.438655370622461,,
328,0.17786174902177854,0.4383901764529013,,
329,0.17738835014207768,0.43807609709445416,,
330,0.1769022420736462,0.43782060539633305,,
331,0.17650407959219763,0.43757697936248086,0.9771314803364975,0.8738307573967112
332,0.1758588523056898,0.43723213793005,,
333,0.17528557691146843,0.43692926436201274,,
334,0.1748096342119013,0.4366889571687653,,
335,0.17436032913646246,0.4364293586953221,,
336,0.17389376567915832,0.4361603118353237,,
337,0.17338976659027475,0.4359148649305125,,
338,0.1729007010994722,0.4356661450890017,,
339,0.17237676610053088,0.43544212476567995,,
340,0.1718556235482751,0.4352112874070001,,
341,0.17152953269323595,0.43504136740802957,0.9780397515419124,0.8746296470791889
342,0.17097798358917923,0.4347417228740177,,
343,0.17058800516617834,0.43455828625952625,,
344,0.1700529342227414,0.43424111386003306,,
345,0.1695271496147292,0.43396175556554306,,
346,0.16906070323464156,0.43368742843817176,,
347,0.16856985749980893,0.4334847101491413,,
348,0.16806537385944445,0.4332006893811113,,
349,0.167561483719557,0.4329020160942294,,
350,0.16704313772894086,0.43256666102284197,,
351,0.16654520455017738,0.43227662443703296,0.9789651092940069,0.8758265532643128
352,0.166048868079889,0.43206751104391,,
353,0.16554603346117044,0.43181311343075457,,
354,0.16496405657101693,0.431516777600256,,
355,0.16432338432078553,0.4311610376514023,,
356,0.16374233778202843,0.43084564093684147,,
357,0.1632451840808528,0.4306046972876056,,
358,0.16296340372800228,0.4304715281951119,,
359,0.16262256005949496,0.43025529279168206,,
360,0.1620840466594938,0.4299755828386933,,
361,0.1616148717479524,0.4297499635034169,0.9799990529918196,0.876318067340272
362,0.1611736511387667,0.42956000086592167,,
363,0.16077383200946702,0.42933346534532923,,
364,0.1601692045462858,0.42900253274284467,,
365,0.15976651717414234,0.4288351526650191,,
366,0.15931977863522553,0.42858838154924317,,
367,0.15887611500341461,0.42835492201616016,,
368,0.15859053382697866,0.4282299017930698,,
369,0.1581418149431778,0.4280373902490269,,
370,0.15777858229229264,0.42789524529248246,,
371,0.15731869223994757,0.4276698113259147,0.9810846128242937,0.876775145066449
372,0.15688566137222357,0.4274462001012507,,
373,0.1564773184780068,0.42725425497633174,,
374,0.1559443792124388,0.426976564577039,,
375,0.1555089890698736,0.4267164423140118,,
376,0.15507641092215887,0.42648700296429,,
377,0.1546914612815147,0.4263090409821905,,
378,0.15429767998483934,0.42611657537049735,,
379,0.15386181853267628,0.4259226173660071,,
380,0.153479014645281,0.4257191257432103,,
381,0.1529727847442374,0.42547676300102094,0.9820971078956304,0.8775446623225606
382,0.15255906479494064,0.42527641516910186,,
383,0.1521651336946357,0.425115170811395,,
384,0.15187874446401353,0.4249765397440598,,
385,0.15149716235493607,0.4248023294664594,,
386,0.15112369504675427,0.42462948807122036,,
387,0.15070641035608628,0.4243821544525031,,
388,0.150275778649443,0.4241795925577501,,
389,0.149883686368568,0.4239755656187325,,
390,0.14955428840077753,0.4238267994073916,,
391,0.14922297599061232,0.4236521943380638,0.9825405263136291,0.8778562178511357
392,0.14887029934274112,0.4235057074532239,,
393,0.14855792069470017,0.4233899550650235,,
394,0.14814793157052888,0.42319140647037573,,
395,0.14771312268351575,0.4229734554621241,,
396,0.1474258372359567,0.4228639562372466,,
397,0.14704804825167533,0.42265877248309325,,
398,0.14663270150290933,0.4224601792790531,,
399,0.14623606555271826,0.4222124924037209,,
400,0.14586264473775126,0.4220691848789671,,
