CATEGORY,2022-01,2022-02,2022-03,2022-04,2022-05,2022-06,2022-07,2022-08,2022-09,2022-10,2022-11,2022-12
Advertising,0.11830642198113608,0.11666218298945653,0.12677092960830064,0.1245873226343241,0.1293849104119722,0.1299716913234706,0.12087222354740945,0.12655084297241295,0.1076081518394995,0.0992643429261535,0.10318192321833204,0.1033604478866975
Social,0.08617403803821982,0.08120756177794249,0.09367607984814245,0.08373056469085437,0.08463548511572826,0.08723123395802969,0.06668286691853718,0.06265682130586178,0.10031003573161806,0.10760396276191603,0.10764241138876328,0.09022832377238915
Media,0.08671879822620503,0.09979856766308265,0.09475588022712751,0.0793149956230884,0.08339829458891744,0.07555916472120829,0.08413732103979962,0.09194856653591747,0.08483217690838869,0.08073680969473275,0.08212304684839143,0.08191983397149598
Other services,0.06272495650405804,0.0746180288435309,0.07761076958946404,0.08538390054352814,0.08433444146523716,0.08211893565154584,0.08092430707644364,0.09008436994620993,0.08110277209448388,0.07946982004683507,0.08169392555499412,0.08347623965040792
Antivirus,0.06729649078236007,0.0752733924592918,0.08115980979728325,0.0853812835001415,0.08747839573876288,0.09550830506507074,0.11251512214260014,0.10094423301882424,0.07616260273996578,0.05705844461324507,0.05479345904693378,0.05225461308135567
Analytics & Telemetry,0.07038296790398448,0.07672027155440914,0.07058194621068646,0.07649795404221324,0.07428155423030736,0.07886653854587197,0.08854721444853432,0.08797525818305978,0.08097020681633559,0.07688886091324681,0.07672611062821136,0.08925091781234333
Other APIs,0.06533743460488799,0.06564953177760356,0.07158649441335353,0.06841452389541001,0.0668224698994412,0.0559554655557132,0.05976027168742316,0.04956917623141895,0.06427043216730728,0.07871866947601974,0.08189871323052471,0.07531145868032757
Authentication,0.0579794424898996,0.054065422225758525,0.05116113663364223,0.05087909945592976,0.05445752705693531,0.05573879867407876,0.05803592309756417,0.06009867304101171,0.05815850276744395,0.05790185982893108,0.054418875488312306,0.059214024613585915
Videoconferencing,0.05747605036888744,0.05604701121070582,0.052175089299578634,0.05264622061642102,0.049933575551615275,0.047362071945415384,0.04665666060334126,0.04586749222133469,0.044915026456799144,0.04102677539235036,0.033879973249176014,0.03707449869507548
Search,0.0320886370104935,0.04826718750709124,0.04398152890945185,0.045308143119298504,0.044606875191712615,0.044594538958610104,0.041664782539799564,0.04073196995699094,0.03754695228625099,0.03743349352289824,0.04549820285798556,0.047330140902697444
Software updates,0.049524672443331495,0.034553991118070414,0.03475726569726799,0.04322996765913862,0.03926631840739253,0.04276522165327418,0.03870701647981527,0.0327398138133618,0.03110170947201665,0.03687892070339377,0.03309956733397078,0.03824833770898527
Mail,0.03637744917805965,0.03623240080250419,0.032509187221814825,0.03478353490144205,0.03164407040233702,0.034645754601385255,0.03914229837391538,0.0402758759071307,0.04117887086486718,0.04003829761560029,0.04172796196086282,0.04300801880403094
File sharing,0.04749114568135726,0.03075875792034498,0.0271964231021579,0.032064819379236185,0.0320456843233837,0.032291970953554065,0.037063258852340644,0.03928632856184265,0.03858584701886893,0.038637240200466244,0.03811517328291392,0.03765680762117118
Music,0.03777210944764801,0.036476025732895344,0.036050469982699083,0.0335754702878372,0.034230123972745,0.03528417794172654,0.024581344850671556,0.024063501384709203,0.029270123381719745,0.03500458322561871,0.03491410762338609,0.032208476783438675
Location,0.02069500045944359,0.021438583487598546,0.02232486171815558,0.02285549978116844,0.02494946724528586,0.026914736041067443,0.02706955842242284,0.02795768610495925,0.029868867386966348,0.034134459823259605,0.03595036797134639,0.034409620140563965
Games,0.020790517955212737,0.018333983032001577,0.01784137032286066,0.017276187598866993,0.018576777908835985,0.01942263094762095,0.016184401450792803,0.016762194028669342,0.020555043968817407,0.024407846746134287,0.022853805636190702,0.02091210749316435
Notifications,0.021653199398638943,0.021686770953844227,0.01892097305988558,0.01983287074910605,0.018471109842630534,0.014498726960828571,0.015482761243313834,0.01650943037494502,0.022389705413548913,0.020969820527857303,0.020540225549327756,0.022428653956906464
Instant messaging,0.021558568937444265,0.017718064832041226,0.018061312884154208,0.014700213100235024,0.013775407101321717,0.012548456746333725,0.015025161353601659,0.014091885504909469,0.02039902598774509,0.02268585588033413,0.022820853043062424,0.018920113469369514
Weather,0.016643147482521287,0.014109098971107126,0.012567146385428307,0.012313768622296578,0.013076991990593232,0.01377616695257381,0.012018872278484014,0.01224390302369091,0.012240985773610408,0.012797779674685124,0.009062310208032172,0.010567302600862126
Information systems,0.016361272086606506,0.012588905477099788,0.009546469017679271,0.010279484718363978,0.009604281217741581,0.00906734080561324,0.010149084210688617,0.012091526908453805,0.012041412772822068,0.012212810831411191,0.01251469633588858,0.015060462376563317
Internet banking,0.003192759991547367,0.0034713897136591123,0.0029287409159637584,0.0030896253427602476,0.002669825064694534,0.0036441681391959344,0.0023506453172310346,0.005237004939614462,0.004691190659723533,0.004042121421646999,0.004457711388390153,0.004504909320471399
Remote desktop,0.0016660928493764087,0.0022449366232387283,0.001626494510856901,0.0017851974530260807,0.0016110231722354068,0.0015493157575679406,0.0017533393098485394,0.0015284763246333436,0.0010678230666084265,0.0010785892744961602,0.001182475277311582,0.0015363273429122117
Virtual assistant,0.0017888261786804546,0.0020779333267220822,0.0022096206440453147,0.0020693522853135094,0.0007453901001732242,0.0006845881002437734,0.0006755647554213295,0.0007849697100375918,0.0007325344245924343,0.0010086348987674973,0.000904102877692036,0.0011183633151846245
