CATEGORY,entrenamiento,prueba,deriva,entrenamiento_%,prueba_%,deriva_%
Advertising,85927,86806,150451,10.739,9.946,10.303
Social,80666,93866,147956,10.082,10.755,10.132
Media,67912,70156,119926,8.488,8.039,8.213
Other services,65032,69134,119914,8.128,7.922,8.212
Analytics & Telemetry,64962,67381,118763,8.119,7.721,8.133
Antivirus,60337,49586,78225,7.541,5.682,5.357
Other APIs,51568,68746,116947,6.445,7.877,8.009
Authentication,46200,50715,82101,5.774,5.811,5.622
Videoconferencing,35816,35623,51290,4.476,4.082,3.512
Mail,32866,35140,62013,4.108,4.026,4.247
File sharing,30992,33533,55859,3.873,3.842,3.825
Search,29945,32843,67253,3.743,3.763,4.605
Software updates,25232,32225,50839,3.153,3.692,3.481
Location,24008,29667,51344,3.001,3.399,3.516
Music,23213,30618,49561,2.901,3.508,3.394
Notifications,17905,18287,30899,2.238,2.095,2.116
Instant messaging,16557,19764,31130,2.069,2.265,2.132
Games,16264,21306,32297,2.033,2.441,2.212
Weather,9786,11160,13831,1.223,1.279,0.947
Information systems,9609,10735,19726,1.201,1.23,1.351
Internet banking,3902,3581,6504,0.488,0.41,0.445
Remote desktop,836,963,1990,0.104,0.11,0.136
Virtual assistant,593,896,1460,0.074,0.103,0.1
