CATEGORY,1,2,3,4,5,6,7,8,9,10,11,12,13,14,15,16,17,18,19,20,21,22,23,24,25,26,27,28,29,30
Advertising,493.68198,-1043.7279,-821.7268,-413.35962,-4.5219665,87.54597,152.82181,70.06979,-84.13182,-48.557182,-91.083,-120.91907,-126.00065,-135.36444,-116.26804,-103.56092,-108.263954,-102.70699,-92.75074,-91.97162,-95.42811,-88.18051,-86.94859,-81.842545,-82.405876,-82.6126,-78.79847,-74.73942,-78.06528,-75.39949
Social,494.07938,-853.46606,-673.44763,-362.43872,-4.4816775,11.761846,-0.948764,-26.683472,-31.56657,-114.93297,-166.82574,-153.82486,-143.13696,-145.86768,-146.61359,-146.86427,-146.50255,-144.9847,-146.39597,-148.44234,-149.70343,-149.26923,-149.6151,-145.0876,-145.71236,-146.48482,-147.07822,-149.06668,-151.15282,-150.44586
Media,482.9893,-1019.84735,-606.47864,-595.00916,-192.14104,-145.45816,-48.70456,-92.73879,-158.12117,-208.151,-247.88744,-290.1232,-279.5297,-290.97363,-296.14435,-287.84973,-291.21667,-290.0796,-285.21164,-290.383,-291.34702,-292.434,-291.79678,-289.30157,-285.65268,-287.51797,-288.65433,-284.35507,-284.99265,-281.07974
Other services,402.30096,-1197.6687,-872.5129,-322.3192,-261.71817,117.9527,-29.693304,18.574795,-37.62506,-114.50348,-108.36994,-113.040215,-119.9056,-117.43981,-93.854164,-89.18678,-97.39909,-84.89535,-89.99028,-83.84541,-86.12611,-88.90083,-87.406166,-82.26667,-87.14944,-88.216354,-88.45733,-86.45804,-89.413826,-87.042145
Analytics & Telemetry,273.38922,-1353.5012,-590.52625,-18.252949,-57.134373,357.72397,454.60275,151.29936,17.566317,22.84628,-27.701626,38.10075,15.517549,18.011621,16.156384,14.799883,11.83204,11.167329,12.215757,10.83632,10.878914,10.815616,10.250177,11.220436,9.855962,10.69165,9.312229,9.486023,9.505065,7.8996644
Antivirus,478.1668,-1261.5801,-897.73645,-390.60672,-157.21884,437.12164,95.374466,-301.8259,-101.65327,-70.19043,-11.716774,-43.836403,-35.11638,-16.16383,-10.960157,-11.078393,-13.145036,-11.818006,-12.087956,-8.740988,-8.622072,-10.825414,-10.610123,-9.47011,-10.406782,-9.924789,-9.928518,-10.271376,-9.596997,-9.956726
Other APIs,453.33417,-1076.5021,-770.5992,-243.77083,-53.708153,22.231306,75.232506,-131.19933,-78.06725,-109.51517,-120.29094,-114.05552,-102.359795,-68.23156,-71.06557,-74.27296,-62.1664,-59.6773,-69.661865,-65.654495,-64.41361,-58.589996,-60.579914,-65.644196,-67.763985,-68.70999,-56.674583,-60.346455,-66.67629,-65.65349
Authentication,424.2413,-1207.8433,-851.9021,-477.9014,-203.28336,160.74892,69.741035,-47.2821,-19.928377,-85.46338,-95.43303,-122.63366,-71.565605,-112.54045,-88.99193,-47.716167,-33.008247,-85.701515,-83.23361,-70.07671,-35.50498,-29.79186,-56.010086,-72.57831,-39.94775,-27.66314,-32.76593,-51.98922,-56.47617,-29.320562
Videoconferencing,434.1788,-1145.4028,-649.5373,-91.67651,-229.67453,352.6612,-34.600487,-9.504244,-159.91649,-113.15074,-180.15192,-179.26427,-287.0893,-253.91853,-299.34958,-279.3821,-328.1174,-273.27618,-292.77002,-267.49423,-257.08722,-256.40674,-280.3914,-299.84494,-320.66144,-300.69226,-312.9537,-306.54486,-272.36368,-262.63287
Mail,428.19257,-895.82513,-231.25613,-43.279896,-257.14352,157.85149,-22.22464,45.364967,24.94803,29.439785,-86.81215,-96.158005,-87.27798,0.32121342,-17.49425,-54.486126,-46.948425,-28.896854,-47.864117,-55.084373,-54.68627,-30.510649,-43.631016,-48.409756,-57.939938,-47.492943,-43.468235,-35.15743,-40.179424,-37.80594
File sharing,376.37354,-1049.4252,-671.24805,95.30827,-104.82712,454.17715,74.79933,-314.40936,-21.750517,-14.255518,-35.678402,-47.21412,-63.794075,-39.66033,-35.46983,-38.16317,-49.245968,-37.577213,-34.925304,-37.460472,-44.24584,-41.518745,-36.83141,-41.879097,-45.568985,-40.36445,-33.886,-35.259647,-40.771973,-41.539654
Search,489.13318,-949.8709,-713.6148,-353.7803,-81.82845,147.50403,78.722694,4.1398563,-95.38066,-84.1818,-175.35832,-233.06432,-228.9517,-218.81062,-228.26746,-208.53235,-216.47414,-219.86562,-240.58301,-232.56938,-240.27077,-227.16125,-233.03246,-226.27437,-229.13208,-232.13792,-239.60532,-228.40541,-233.13719,-230.88553
Software updates,276.55774,-1299.0938,-1123.7594,-390.12363,-448.19962,-144.97269,101.50333,50.821537,165.93056,141.45616,-38.453194,-74.72539,-267.29025,-44.218296,-28.301998,-30.137999,-39.502773,-41.44384,-40.176125,-37.39767,-36.11236,-42.636257,-44.62175,-42.370323,-37.05085,-33.968887,-30.356255,-30.541416,-33.74275,-34.033253
Location,504.0564,-974.96277,-798.10645,-586.5189,-454.99863,-144.87283,32.42465,-87.3795,-144.98575,-160.55565,-170.36816,-189.2141,-186.51021,-184.51666,-177.6368,-177.84955,-187.44048,-189.68077,-188.67398,-185.41699,-189.50092,-186.68152,-185.98979,-187.11017,-183.64029,-184.41808,-184.58809,-182.26816,-180.93752,-177.7702
Music,493.8151,-1144.9587,-1050.0652,-759.9783,-550.78375,-326.69943,-170.07431,-124.274414,76.53655,-159.35988,-195.37807,-318.84323,-364.31952,-459.13058,-446.43924,-446.8156,-432.67218,-418.61133,-395.43707,-386.6204,-373.96387,-369.42795,-362.18134,-362.03976,-353.99432,-352.79965,-345.77625,-343.77972,-338.694,-331.56104
Notifications,271.4057,-1198.849,-825.19037,-314.63123,-187.25317,-115.88071,34.821724,-81.82826,9.975482,130.21112,120.053116,-16.83982,-55.43552,-82.41469,-99.81072,-117.002014,-124.44954,-119.219826,-81.922646,-63.68037,-39.043453,-24.028316,-22.609047,-25.715107,-28.57967,-30.51991,-28.636248,-24.365149,-23.156548,-20.375593
Instant messaging,444.3428,-589.31744,-398.42514,13.672464,-24.218277,1.0021743,-48.714138,-111.00592,-119.40013,-112.65084,-110.97983,-109.297035,-127.27203,-141.47641,-143.72343,-146.09283,-154.36873,-147.228,-153.63792,-155.92027,-157.6805,-159.24364,-160.53566,-165.00351,-166.19292,-167.00797,-172.00182,-172.34862,-174.32826,-170.88403
Games,365.40973,-1115.5938,-918.2884,-509.27054,-471.519,-172.38434,66.82483,9.412506,-60.124325,-158.03929,-218.76118,-191.67001,-150.53444,-160.4823,-160.01949,-148.6314,-157.69183,-168.26575,-156.9368,-153.96773,-164.72319,-164.14049,-161.21213,-160.32341,-162.28517,-164.46028,-166.17911,-158.93814,-160.96938,-165.50252
Weather,466.1924,-1116.1268,-1031.9304,-765.1347,-128.39159,-274.5648,88.07756,-539.2414,-416.4771,-351.21143,-208.9723,-132.20335,-106.83364,-103.19344,-88.11598,-84.42704,-75.35653,-68.22277,-56.648987,-58.14909,-49.877888,-50.70509,-48.517677,-46.59667,-40.146126,-42.373188,-38.197018,-35.304924,-35.482117,-34.273144
Information systems,488.47787,-665.2778,-552.3178,16.856176,-421.45697,-85.995,-55.643356,-173.81778,-193.73608,-182.76273,-167.85878,-137.04288,-138.08908,-133.11853,-148.64616,-139.13103,-135.09491,-140.24977,-146.33324,-139.82881,-148.40514,-145.23291,-149.22499,-145.35114,-145.25705,-145.82797,-148.69383,-156.30763,-151.46394,-148.70206
Internet banking,465.09354,-979.37134,-316.75937,238.64172,157.48692,215.83727,-453.15402,-198.11378,-127.96361,-159.73732,-167.69682,-115.127884,-137.57124,-111.40364,-122.96335,-107.72322,-103.092514,-101.05997,-118.46361,-73.99718,-91.988464,-114.62968,-108.58816,-82.5692,-75.97873,-96.6325,-110.456436,-118.0041,-105.094055,-99.98026
Remote desktop,342.99283,-1151.9282,-576.2225,-41.023922,-66.0012,225.75,-488.57297,-278.66507,-155.36005,-26.60048,-40.68182,-28.110048,-15.9031105,-4.0669856,0.8744019,-1.6208134,-1.1782297,-1.7559808,-1.2930622,-0.4222488,-0.35645932,0.08373206,-0.45215312,-0.47368422,-0.51913875,-0.41148326,-0.5813397,-0.42464116,-0.57416266,-0.29186603
Virtual assistant,424.5565,-1338.8718,-930.0438,-197.82968,122.84486,281.71164,142.54637,-33.311974,-137.25969,-149.55986,-78.48735,-91.569984,-72.34402,3.7234402,153.44856,140.76897,58.833054,29.662731,70.35245,104.50928,64.10118,53.12985,68.21248,69.83305,35.785835,56.048904,42.934235,22.266441,23.274874,13.43339
