CATEGORY,poblacion_%,muestra_%
Advertising,10.76081518394995,10.739156734922412
Social,10.031003573161806,10.081636938089906
Media,8.483217690838869,8.487641977283635
Other services,8.110277209448387,8.12769956806911
Antivirus,7.616260273996578,7.540918453047513
Analytics & Telemetry,8.097020681633559,8.118950967845144
Other APIs,6.427043216730728,6.444968804991201
Authentication,5.815850276744395,5.774076147816349
Videoconferencing,4.4915026456799145,4.476283794592866
Search,3.754695228625099,3.742526195808671
Software updates,3.1101709472016648,3.1534954407294835
Mail,4.117887086486718,4.107592785154375
File sharing,3.8585847018868926,3.8733802591585347
Music,2.9270123381719744,2.901160814269717
Location,2.9868867386966347,3.00051991681331
Games,2.055504396881741,2.0326747720364744
Notifications,2.2389705413548913,2.2377669572868344
Instant messaging,2.0399025987745087,2.069293912973924
Weather,1.2240985773610409,1.2230543113101904
Information systems,1.2041412772822069,1.200932850743881
Internet banking,0.4691190659723533,0.48767197248440247
Remote desktop,0.10678230666084265,0.10448328267477203
Virtual assistant,0.07325344245924344,0.07411314189729643
