,Advertising,Analytics & Telemetry,Antivirus,Authentication,File sharing,Games,Information systems,Instant messaging,Internet banking,Location,Mail,Media,Music,Notifications,Other APIs,Other services,Remote desktop,Search,Social,Software updates,Videoconferencing,Virtual assistant,Weather
Advertising,66353,567,904,1883,688,720,450,255,1254,1636,591,2948,444,65,755,1696,289,2086,1790,184,678,52,518
Analytics & Telemetry,313,62286,292,186,176,454,82,56,50,150,74,314,154,70,300,727,44,587,300,163,339,51,213
Antivirus,1047,170,44752,135,103,231,35,192,169,65,21,516,158,133,447,431,185,127,178,86,219,95,91
Authentication,279,77,110,46660,185,51,179,8,134,112,173,507,58,539,231,391,103,514,82,30,188,13,91
File sharing,227,50,23,167,30307,52,204,99,61,39,129,276,103,77,287,301,36,139,199,86,247,38,386
Games,93,96,47,68,70,19196,131,178,80,147,89,153,112,13,95,131,4,34,216,123,135,13,82
Information systems,55,9,6,23,37,6,9810,18,314,10,118,49,8,3,40,12,1,79,73,6,23,5,30
Instant messaging,32,33,9,8,30,36,33,17662,55,54,1,279,28,8,756,19,0,45,334,227,58,10,47
Internet banking,11,1,2,13,4,2,101,2,3379,2,16,9,3,0,13,3,0,6,11,0,1,0,2
Location,327,8,32,413,31,103,19,49,23,27578,55,110,97,177,89,40,6,146,100,89,31,5,139
Mail,225,29,63,326,64,86,146,8,58,143,32673,185,48,21,32,639,15,189,55,11,84,10,30
Media,1205,136,223,1084,500,402,607,1748,402,188,165,53538,269,61,3020,1178,414,780,2888,449,405,152,342
Music,199,42,47,33,119,126,120,55,28,140,16,106,27951,4,257,261,1,48,809,85,62,12,97
Notifications,4,4,2,16,55,7,1,2,2,6,2,6,2,18115,0,41,0,1,2,2,9,8,0
Other APIs,234,43,215,74,147,97,202,1438,352,116,53,1226,204,9,61549,533,73,426,1181,220,208,52,94
Other services,1100,332,394,1175,532,711,293,198,122,151,3353,1190,552,99,948,53082,99,840,996,926,1274,134,633
Remote desktop,4,12,1,3,0,1,0,0,0,0,0,10,0,3,1,0,926,0,1,0,1,0,0
Search,833,202,93,298,91,65,106,45,89,138,103,386,127,10,185,584,28,28724,113,10,475,20,118
Social,999,379,144,179,1013,563,686,2138,256,466,108,2707,2027,73,2649,410,35,468,76996,138,228,281,923
Software updates,114,62,19,9,23,40,33,458,19,43,15,44,54,7,77,114,0,18,50,30910,43,30,43
Videoconferencing,249,230,77,408,121,366,109,109,96,79,132,191,112,97,296,764,20,912,227,51,30873,47,57
Virtual assistant,2,3,0,0,9,0,10,13,4,6,1,1,10,2,48,3,0,11,8,0,15,746,4
Weather,27,1,3,10,37,37,19,11,11,16,24,12,17,3,16,13,0,18,37,26,16,2,10804
