paso,perdida_entrenamiento,perdida_validacion,f1_entrenamiento,f1_validacion,tasa_aprendizaje,segundos
1,2.0623958053970335,2.0848750425413383,0.34020342759101274,0.3386358555819034,0.001,15.6
2,1.7210630531311035,1.747600169791361,0.4187222768878894,0.41721805681002955,0.001,16.8
3,1.5524027563476563,1.5803129105481342,0.47164570912939063,0.4697224585746519,0.001,17.1
4,1.4432952959823608,1.4697403011616659,0.5002838996425539,0.49612572412073974,0.001,17.0
5,1.3589864765930175,1.3833259204887125,0.5254070596419814,0.5204824010144611,0.001,16.0
6,1.2933243128967284,1.3318390083317755,0.5572271090181087,0.5534197735638909,0.001,15.7
7,1.2406524008178712,1.2670136104753371,0.5446814736442934,0.5404234449143456,0.001,15.9
8,1.207516505508423,1.2338730544479461,0.5342225195405674,0.5285406433229408,0.001,16.4
9,1.1511968956375123,1.1840457088515561,0.5714637202887385,0.5656891357251818,0.001,22.2
10,1.119247311630249,1.1513601084455616,0.587307211725469,0.581454538302619,0.001,22.2
11,1.0779977276229857,1.1074706409632844,0.5715216588761216,0.5655918629378177,0.001,22.4
12,1.0440297255134583,1.0806164687895548,0.5998572019548959,0.592513551109124,0.001,21.7
13,1.0183588538360595,1.0550141876847834,0.6110780857459184,0.6060233971243747,0.001,22.3
14,1.0022780068778991,1.0395067401614257,0.6149282181217877,0.6063100034018247,0.001,22.3
15,0.9881207808876038,1.0258591948160074,0.6215981957617187,0.6168703122766529,0.001,21.8
